id,first_name,last_name,email,age
0,Hester,Duchesne,hduchesne0@ucsd.edu,55
1,Jessalin,Woolvin,jwoolvin1@blogtalkradio.com,54
2,Lauren,Necolds,lnecolds2@mozilla.org,60
3,Doroteya,Schruyer,dschruyer3@com.com,26
4,Sophie,Pulley,spulley4@skype.com,53
5,Hayes,Taberer,htaberer5@dropbox.com,24
6,Joceline,Klain,jklain6@moonfruit.com,16
7,Daveen,Jaram,djaram7@newsvine.com,36
8,Perren,Goding,pgoding8@tripadvisor.com,52
9,Hattie,Peagram,hpeagram9@drupal.org,38
10,Ingmar,Hannam,ihannama@comcast.net,46
11,Jeffie,Parres,jparresb@adobe.com,21
12,Teador,Minshall,tminshallc@washingtonpost.com,14
13,Osgood,Carnihan,ocarnihand@cloudflare.com,37
14,Ileane,Venable,ivenablee@tinyurl.com,34
15,Jaquelin,Humblestone,jhumblestonef@smugmug.com,17
16,Kriste,Negal,knegalg@gnu.org,13
17,Horst,Schuster,hschusterh@hibu.com,47
18,Alfie,Pyle,apylei@shareasale.com,20
19,Vlad,Strugnell,vstrugnellj@foxnews.com,48
20,Mia,Mager,mmagerk@mediafire.com,57
21,Zane,Myott,zmyottl@aboutads.info,16
22,Zorah,Proudler,zproudlerm@unesco.org,35
23,Wrennie,Follan,wfollann@shareasale.com,58
24,Jasen,Scarr,jscarro@odnoklassniki.ru,54
25,Foss,Peniman,fpenimanp@rediff.com,41
26,Mignonne,Jenckes,mjenckesq@hhs.gov,24
27,Kaleena,Gellan,kgellanr@reference.com,54
28,Sidney,Hedgecock,shedgecocks@arstechnica.com,35
29,Hetti,Longmead,hlongmeadt@webs.com,25
30,Hasheem,Tieraney,htieraneyu@xrea.com,12
31,Kial,Stringer,kstringerv@de.vu,54
32,Corbin,Boni,cboniw@fastcompany.com,52
33,Sonya,Bellow,sbellowx@netlog.com,37
34,Galvin,Hubane,ghubaney@phpbb.com,38
35,Ashil,Skeats,askeatsz@shinystat.com,23
36,Sergeant,Riddich,sriddich10@51.la,18
37,Alejandrina,Joney,ajoney11@miibeian.gov.cn,16
38,Dalston,Giacomelli,dgiacomelli12@plala.or.jp,57
39,Bethina,Lyst,blyst13@photobucket.com,32
40,Jose,Krolik,jkrolik14@go.com,37
41,Trey,Hawford,thawford15@sbwire.com,16
42,Artemus,Nye,anye16@tinyurl.com,55
43,Kristel,Edbrooke,kedbrooke17@hibu.com,36
44,Pedro,Rainon,prainon18@hubpages.com,14
45,Vanda,Fiddler,vfiddler19@cam.ac.uk,53
46,Adi,Cheves,acheves1a@huffingtonpost.com,17
47,Jonie,Whatman,jwhatman1b@examiner.com,13
48,Colette,Pelerin,cpelerin1c@trellian.com,41
49,Beniamino,Shapland,bshapland1d@php.net,43
50,Mil,Brandom,mbrandom1e@symantec.com,48
51,Travers,Irnys,tirnys1f@sphinn.com,35
52,Nonnah,Nickell,nnickell1g@webnode.com,21
53,Celestyn,Rilton,crilton1h@wp.com,35
54,Piggy,Colley,pcolley1i@google.de,26
55,Meta,Pleuman,mpleuman1j@ucoz.com,12
56,Aindrea,Mebs,amebs1k@rediff.com,26
57,Bryna,Godsmark,bgodsmark1l@mashable.com,60
58,Noble,Brown,nbrown1m@t-online.de,12
59,Kellyann,Harken,kharken1n@dell.com,25
60,Minnnie,Turle,mturle1o@dell.com,52
61,Beatrix,McKeachie,bmckeachie1p@adobe.com,46
62,Albina,Healings,ahealings1q@icio.us,14
63,Constantia,Wickett,cwickett1r@constantcontact.com,55
64,Mackenzie,Bell,mbell1s@upenn.edu,51
65,Kaja,McShirrie,kmcshirrie1t@mlb.com,33
66,Shawna,Odgers,sodgers1u@xing.com,47
67,Barty,Ingman,bingman1v@is.gd,30
68,Laureen,Manshaw,lmanshaw1w@google.com.hk,30
69,Arabel,Kincaid,akincaid1x@patch.com,51
70,Bartholomew,Pashenkov,bpashenkov1y@china.com.cn,49
71,Blanche,Hatchard,bhatchard1z@npr.org,18
72,Trudie,Rozea,trozea20@a8.net,54
73,Jonathan,Parysiak,jparysiak21@t.co,41
74,Silvanus,Aingell,saingell22@statcounter.com,19
75,Hunt,Brockman,hbrockman23@xing.com,36
76,Cathlene,Van Baaren,cvanbaaren24@hud.gov,13
77,Matias,Croydon,mcroydon25@de.vu,48
78,Casey,Veque,cveque26@prlog.org,18
79,Jessee,Bain,jbain27@go.com,25
80,Blayne,Orbon,borbon28@nyu.edu,60
81,Obadiah,Woodland,owoodland29@163.com,36
82,Vaclav,Dahlman,vdahlman2a@51.la,25
83,Catharine,Jaycock,cjaycock2b@fda.gov,60
84,Corette,McGlaughn,cmcglaughn2c@spotify.com,53
85,Raina,Newborn,rnewborn2d@state.tx.us,53
86,Dallis,Threadgould,dthreadgould2e@yandex.ru,54
87,Marinna,Wanden,mwanden2f@pagesperso-orange.fr,34
88,Annice,Cowup,acowup2g@uol.com.br,29
89,Thibaut,Heaven,theaven2h@cnn.com,49
90,Tory,Evitts,tevitts2i@mayoclinic.com,36
91,Edik,Edgson,eedgson2j@boston.com,22
92,Kinsley,Dayes,kdayes2k@newyorker.com,38
93,Della,Masson,dmasson2l@tinypic.com,46
94,Sidney,Drinkhall,sdrinkhall2m@youtu.be,60
95,Beck,Shafier,bshafier2n@ycombinator.com,33
96,Bria,Baldung,bbaldung2o@columbia.edu,49
97,Hy,Domoni,hdomoni2p@reuters.com,27
98,Kaycee,Bowell,kbowell2q@weebly.com,13
99,Andeee,Gerbel,agerbel2r@army.mil,26