id,first_name,last_name,email,age
1,Zita,Toman,ztoman0@creativecommons.org,57
2,Laraine,Koubu,lkoubu1@bandcamp.com,63
3,Ema,Snooks,esnooks2@vimeo.com,57
4,Manfred,Mytton,mmytton3@cyberchimps.com,23
5,Audy,Gibby,agibby4@forbes.com,26
6,Shana,Cahani,scahani5@amazon.co.uk,61
7,Avril,Roskilly,aroskilly6@friendfeed.com,67
8,Wendi,Fisk,wfisk7@usnews.com,48
9,Kevan,Priscott,kpriscott8@time.com,45
10,Leola,Pennycook,lpennycook9@paginegialle.it,29
11,Piggy,Aberdeen,paberdeena@tamu.edu,16
12,Alameda,Vogele,avogeleb@soundcloud.com,14
13,Abbott,Ruprich,aruprichc@furl.net,18
14,Rosamund,Bonick,rbonickd@apple.com,30
15,Merline,Ogley,mogleye@indiegogo.com,28
16,Forster,Beacom,fbeacomf@elpais.com,30
17,Merrielle,Carek,mcarekg@engadget.com,67
18,Johnath,Walsh,jwalshh@china.com.cn,49
19,Bradly,Warhurst,bwarhursti@prnewswire.com,37
20,Saraann,Lishman,slishmanj@typepad.com,49
21,Malissa,Coltman,mcoltmank@posterous.com,59
22,Paquito,Filchagin,pfilchaginl@bizjournals.com,43
23,Becki,Chalder,bchalderm@census.gov,64
24,Izak,Hiscocks,ihiscocksn@domainmarket.com,62
25,Crystal,Redhole,credholeo@so-net.ne.jp,60
26,Nettie,Glowacz,nglowaczp@zimbio.com,48
27,Griffie,Earthfield,gearthfieldq@bloglovin.com,20
28,Bridgette,Smouten,bsmoutenr@de.vu,29
29,Hertha,Wimpey,hwimpeys@freewebs.com,48
30,Early,Machon,emachont@npr.org,61
31,Briano,Copcott,bcopcottu@walmart.com,20
32,Bert,Feehan,bfeehanv@scribd.com,29
33,Lulu,Eamer,leamerw@shop-pro.jp,63
34,Benoit,McClintock,bmcclintockx@yandex.ru,17
35,Maribeth,McGinnell,mmcginnelly@lulu.com,34
36,Dodie,Magnar,dmagnarz@mozilla.org,33
37,Clementine,Mazzia,cmazzia10@loc.gov,40
38,Marc,Greenfield,mgreenfield11@indiegogo.com,54
39,Jori,Behr,jbehr12@smugmug.com,29
40,Beverlie,Raggitt,braggitt13@arizona.edu,48